{
  "css/style.css": 1603244025000,
  "model/models.js": 1603282004000,
  "manifest.json": 1603694004120,
  "model/documents.json": 1603283061000,
  "controller/Document.controller.js": 1603342673000,
  "controller/App.controller.js": 1603684176637,
  "Component.js": 1603674318739,
  "manifest-bundle.zip": 1603694003842,
  "Component-preload.js": 1603694004087,
  "controller/App-dbg.controller.js": 1603684176637,
  "controller/Document-dbg.controller.js": 1603342673000,
  "model/models-dbg.js": 1603282004000,
  "Component-dbg.js": 1603674318739,
  "resources.json": 1603694004126,
  "view/fragments/document/Document.fragment.xml": 1603544825000,
  "view/Document.view.xml": 1603693750489,
  "view/App.view.xml": 1603684176637,
  "i18n/i18n.properties": 1603282004000,
  "index.html": 1603684176633
}