{
    "welcomeFile": "/index.html",
    "authenticationMethod": "none",
    "logout": {
        "logoutEndpoint": "/do/logout"
    },
    "routes": [
        {
            "source": "^/api/(.*)$",
            "target": "$1",
            "authenticationType": "xsuaa",
            "service": "com.sap.ecm.reuse",
            "endpoint": "ecmservice"
        },
        {
            "source": "^(.*)$",
            "target": "$1",
            "service": "html5-apps-repo-rt",
            "authenticationType": "xsuaa"
        }
    ]
}